order_id,customer_id,product_id,order_date,total_amount,region
1,1306,502,2025-05-29 07:06:32,441.11,US
2,1726,545,2025-06-08 13:04:31,246.74,APAC
3,1864,553,2025-06-04 09:53:36,417.58,EU
4,1358,573,2025-05-29 07:30:23,251.6,EU
5,1116,556,2025-05-27 11:41:11,176.76,EU
6,1903,600,2025-05-21 21:49:09,53.13,US
7,1857,593,2025-05-19 01:08:18,210.93,APAC
8,1178,540,2025-05-24 23:38:01,230.34,US
9,1138,541,2025-05-30 06:18:25,473.52,US
10,1583,568,2025-05-17 01:04:35,181.39,EU
11,1559,502,2025-05-26 13:31:52,223.31,EU
12,1192,557,2025-05-20 22:05:17,367.82,APAC
13,1826,600,2025-05-30 06:08:31,312.8,US
14,1217,570,2025-05-22 21:42:40,189.59,US
15,1954,582,2025-05-17 10:28:52,22.4,APAC
16,1507,514,2025-05-24 01:03:22,480.65,US
17,1797,506,2025-06-01 14:08:37,118.31,APAC
18,1227,587,2025-06-06 13:58:22,295.66,US
19,1510,550,2025-05-23 05:01:02,366.34,EU
20,1957,545,2025-06-05 21:13:33,149.4,US
21,1676,531,2025-06-06 07:39:16,373.64,APAC
22,1794,519,2025-05-30 14:22:18,288.89,EU
23,1349,506,2025-05-25 22:24:44,422.96,US
24,1511,513,2025-05-21 07:32:44,161.36,EU
25,1874,588,2025-05-27 04:10:31,77.19,EU
26,1841,546,2025-05-25 16:16:13,327.79,APAC
27,1408,568,2025-06-06 08:31:57,135.77,US
28,1665,525,2025-05-21 16:44:46,22.81,EU
29,1485,600,2025-06-10 04:53:42,162.75,APAC
30,1307,587,2025-05-17 14:34:07,13.42,APAC
31,1922,517,2025-05-30 04:30:33,263.08,EU
32,1101,566,2025-06-11 22:25:39,207.2,EU
33,1149,516,2025-05-17 11:23:10,173.05,EU
34,1386,574,2025-05-28 06:06:55,363.09,US
35,1885,540,2025-06-11 19:58:17,74.94,APAC
36,1188,504,2025-06-02 18:20:46,247.37,US
37,1198,588,2025-06-02 02:41:22,286.32,APAC
38,1856,577,2025-06-12 02:23:29,351.03,US
39,1393,525,2025-06-02 23:46:51,93.96,US
40,1612,527,2025-05-23 20:36:40,140.78,US
41,1238,517,2025-05-23 14:13:56,449.32,US
42,1691,572,2025-05-21 06:22:52,131.65,EU
43,1572,502,2025-05-21 07:07:02,141.95,APAC
44,1003,501,2025-06-08 06:16:16,107.46,US
45,1795,513,2025-06-10 05:23:13,414.92,APAC
46,1512,550,2025-05-18 09:07:22,287.72,US
47,1666,522,2025-05-27 00:17:27,212.88,APAC
48,1942,525,2025-05-22 01:19:53,176.78,US
49,1391,511,2025-06-04 23:05:24,321.0,EU
50,1046,584,2025-05-20 16:09:54,280.22,EU
51,1920,581,2025-06-07 14:46:48,144.08,US
52,1476,584,2025-05-14 12:47:26,58.67,EU
53,1598,528,2025-05-17 03:20:36,286.67,US
54,1339,600,2025-06-03 11:56:49,467.35,EU
55,1802,577,2025-05-31 07:24:38,120.75,APAC
56,1636,562,2025-06-02 01:20:09,96.07,EU
57,1164,587,2025-06-07 05:57:50,225.79,APAC
58,1734,559,2025-05-25 13:24:04,128.69,US
59,1627,517,2025-06-03 11:01:51,321.7,US
60,1221,549,2025-05-15 12:01:34,498.06,EU
61,1245,544,2025-06-05 11:51:41,155.02,EU
62,1371,506,2025-06-09 06:46:50,262.53,APAC
63,1661,512,2025-05-29 17:19:24,499.0,EU
64,1527,579,2025-05-17 14:31:45,402.4,APAC
65,1553,532,2025-05-23 02:04:37,408.95,EU
66,1918,522,2025-05-17 14:54:21,325.17,US
67,1916,598,2025-06-05 13:49:48,288.88,US
68,1526,578,2025-06-01 08:36:30,310.12,APAC
69,1813,574,2025-05-23 21:39:06,59.84,APAC
70,1046,507,2025-06-09 07:11:27,496.11,US
71,1726,598,2025-05-17 21:12:51,477.7,US
72,1517,535,2025-05-21 04:57:59,137.34,US
73,1093,544,2025-05-30 13:58:12,77.17,EU
74,1577,519,2025-05-29 06:07:21,45.05,EU
75,1347,510,2025-06-06 20:05:42,350.73,US
76,1713,538,2025-05-23 17:02:16,392.86,EU
77,1135,514,2025-05-29 17:15:03,372.83,APAC
78,1557,559,2025-06-01 07:42:52,85.27,US
79,1590,526,2025-06-08 06:06:03,235.42,EU
80,1554,586,2025-05-27 09:39:08,115.78,US
81,1097,593,2025-05-19 20:08:47,178.14,APAC
82,1340,540,2025-05-28 19:44:47,441.39,US
83,1657,584,2025-05-15 15:54:01,135.3,US
84,1445,569,2025-05-14 17:02:03,212.51,EU
85,1574,512,2025-05-17 09:48:50,58.3,EU
86,1998,595,2025-05-25 03:42:48,76.32,US
87,1044,508,2025-05-17 06:49:07,30.94,APAC
88,1055,501,2025-05-29 13:13:26,41.22,US
89,1884,532,2025-05-31 05:26:34,313.41,APAC
90,1900,562,2025-05-23 17:18:38,362.19,APAC
91,1584,556,2025-06-11 14:06:13,397.29,US
92,1824,586,2025-06-05 21:59:01,170.61,EU
93,1321,511,2025-05-31 04:55:19,216.29,APAC
94,1446,546,2025-05-25 23:55:09,308.29,APAC
95,1367,539,2025-06-07 23:14:06,233.26,APAC
96,1732,593,2025-05-20 19:29:24,397.89,APAC
97,1174,574,2025-06-07 02:54:29,316.2,EU
98,1806,594,2025-06-06 05:27:18,284.59,APAC
99,1618,504,2025-06-02 09:02:28,448.88,APAC
100,1701,580,2025-05-24 05:09:39,118.89,US
101,1365,547,2025-05-16 04:02:18,17.73,APAC
102,1139,508,2025-05-16 19:01:36,338.52,APAC
103,1197,566,2025-05-27 02:40:56,197.95,APAC
104,1948,551,2025-05-14 17:47:37,363.17,APAC
105,1837,506,2025-05-24 01:38:31,376.16,APAC
106,1719,586,2025-05-15 06:56:48,283.23,APAC
107,1883,525,2025-05-31 00:25:47,107.42,APAC
108,1547,583,2025-06-02 06:32:27,378.5,US
109,1348,524,2025-06-05 11:25:02,254.48,APAC
110,1384,554,2025-05-17 03:08:19,398.2,APAC
111,1745,575,2025-05-17 21:28:25,179.9,US
112,1275,558,2025-05-16 20:22:29,400.54,EU
113,1924,525,2025-06-13 04:55:30,327.6,EU
114,1293,575,2025-06-01 07:45:26,496.0,US
115,1835,509,2025-06-08 12:54:25,375.61,US
116,1080,577,2025-06-04 17:20:48,136.85,EU
117,1697,505,2025-06-01 20:26:52,53.2,APAC
118,1425,529,2025-06-10 19:45:57,61.43,US
119,1185,567,2025-06-05 10:58:17,483.12,APAC
120,1322,596,2025-05-17 13:40:31,70.73,US
121,1838,587,2025-06-04 20:31:10,120.1,US
122,1953,554,2025-05-21 20:48:49,358.87,APAC
123,1949,579,2025-05-20 20:04:57,40.4,US
124,1737,579,2025-06-01 14:16:39,254.77,EU
125,1633,595,2025-05-24 09:46:13,227.43,US
126,1321,515,2025-05-26 21:23:26,267.66,APAC
127,1395,580,2025-05-22 10:48:47,172.29,US
128,1037,552,2025-05-15 06:43:19,90.19,US
129,1030,544,2025-05-22 09:44:00,171.53,APAC
130,1560,506,2025-05-19 21:31:34,472.5,US
131,1778,527,2025-06-02 05:20:59,64.18,US
132,1469,515,2025-05-27 12:51:49,311.67,EU
133,1111,537,2025-05-16 13:18:41,72.06,APAC
134,1523,528,2025-05-19 19:59:45,201.46,US
135,1272,517,2025-06-03 06:39:36,449.3,EU
136,1985,542,2025-05-21 03:30:55,307.74,EU
137,1892,597,2025-05-28 02:38:44,327.39,EU
138,1416,551,2025-06-01 05:46:38,290.27,EU
139,1241,582,2025-06-02 13:22:27,379.2,APAC
140,1787,507,2025-05-28 19:50:10,195.8,APAC
141,1472,528,2025-06-09 20:47:43,231.8,EU
142,1130,570,2025-05-23 17:48:46,247.78,APAC
143,1986,551,2025-05-28 09:00:37,28.75,EU
144,1779,511,2025-06-02 14:35:57,179.56,EU
145,1417,540,2025-05-25 02:59:36,125.49,EU
146,1222,507,2025-05-28 02:57:11,110.98,APAC
147,1670,522,2025-06-09 13:41:11,158.57,US
148,1616,505,2025-05-20 10:16:10,65.37,US
149,1286,568,2025-05-30 00:05:59,78.69,EU
150,1496,568,2025-06-03 16:12:21,127.63,EU
151,1086,525,2025-05-19 09:06:16,297.92,APAC
152,1233,513,2025-05-31 03:04:34,112.49,US
153,1263,549,2025-05-28 06:57:22,412.49,US
154,1637,515,2025-05-23 23:28:27,377.51,US
155,1126,520,2025-05-24 16:57:12,165.75,APAC
156,1208,538,2025-05-19 22:46:51,492.97,EU
157,1100,582,2025-06-09 05:42:45,132.83,US
158,1112,549,2025-05-29 09:27:50,129.37,US
159,1078,595,2025-05-22 12:01:32,89.47,APAC
160,1834,544,2025-05-27 05:30:36,397.68,US
161,1293,528,2025-05-23 23:53:46,218.76,EU
162,1078,514,2025-05-29 08:07:06,98.19,EU
163,1279,575,2025-06-02 03:30:03,259.01,APAC
164,1289,554,2025-05-17 06:59:01,344.64,US
165,1052,582,2025-05-23 13:42:54,295.28,EU
166,1037,570,2025-06-12 03:15:38,401.68,EU
167,1160,589,2025-05-15 09:03:34,186.74,EU
168,1305,507,2025-06-07 02:47:04,333.56,US
169,1551,528,2025-05-15 16:16:48,291.67,APAC
170,1659,565,2025-05-20 06:15:45,119.63,US
171,1563,595,2025-05-23 21:24:27,499.9,US
172,1956,520,2025-05-29 10:24:48,471.07,EU
173,1334,541,2025-05-24 22:39:32,96.93,EU
174,1395,531,2025-06-03 15:55:16,18.7,US
175,1196,545,2025-05-27 20:20:18,32.49,APAC
176,1598,527,2025-05-25 15:35:20,227.23,APAC
177,1756,538,2025-06-11 04:19:10,126.46,APAC
178,1158,576,2025-05-19 21:00:20,417.54,APAC
179,1992,583,2025-06-05 00:02:56,131.84,APAC
180,1225,501,2025-05-21 23:00:12,23.71,US
181,1293,502,2025-05-30 01:52:04,18.05,US
182,1484,536,2025-06-06 05:27:48,437.26,EU
183,1186,510,2025-05-24 07:46:08,332.56,APAC
184,1702,520,2025-06-04 20:57:28,450.68,APAC
185,1945,566,2025-05-24 11:24:17,446.05,APAC
186,1431,576,2025-05-27 06:06:43,183.45,US
187,1186,514,2025-05-27 20:12:45,98.9,APAC
188,1358,522,2025-05-19 23:08:31,87.56,US
189,1077,564,2025-06-11 12:07:12,117.56,US
190,1423,586,2025-05-21 03:42:48,292.18,APAC
191,1568,518,2025-05-29 21:17:04,211.13,APAC
192,1199,559,2025-05-22 14:35:29,477.8,EU
193,1811,522,2025-05-21 21:59:56,315.93,US
194,1975,538,2025-06-10 14:53:25,188.21,APAC
195,1157,568,2025-06-08 18:15:50,46.99,EU
196,1774,520,2025-05-21 01:25:32,263.4,EU
197,1594,555,2025-05-31 09:40:35,498.62,US
198,1412,506,2025-06-06 06:05:36,282.98,EU
199,1753,534,2025-06-10 07:35:17,50.72,APAC
200,1390,591,2025-06-08 15:33:34,356.17,EU
201,1740,506,2025-05-29 08:24:38,44.1,US
202,1517,518,2025-06-04 01:38:22,214.81,EU
203,1304,511,2025-05-26 05:27:27,222.22,APAC
204,1543,560,2025-05-29 17:49:09,139.37,APAC
205,1117,585,2025-05-17 15:27:32,125.49,APAC
206,1682,501,2025-06-08 14:54:52,467.22,EU
207,1096,564,2025-06-04 23:37:29,189.05,EU
208,1228,529,2025-06-10 04:35:17,97.38,US
209,1874,508,2025-06-11 11:22:47,131.44,APAC
210,1784,540,2025-05-21 01:28:43,47.88,EU
211,1934,565,2025-05-25 00:10:00,485.61,APAC
212,1853,510,2025-05-28 13:45:48,491.69,US
213,1670,541,2025-05-23 13:01:30,350.28,US
214,1162,596,2025-05-17 18:29:40,260.28,EU
215,1719,548,2025-06-10 00:23:27,46.65,US
216,1803,575,2025-05-14 18:59:46,253.86,APAC
217,1230,509,2025-06-07 00:45:05,279.81,US
218,1389,595,2025-06-04 04:24:18,256.12,US
219,1707,534,2025-06-12 05:55:33,149.25,EU
220,1772,528,2025-05-26 01:44:32,273.17,APAC
221,1889,576,2025-05-17 15:42:56,75.36,EU
222,1789,573,2025-05-25 02:17:45,456.43,APAC
223,1089,597,2025-05-19 05:15:16,387.97,APAC
224,1276,582,2025-05-14 17:48:26,314.99,APAC
225,1281,557,2025-06-06 01:33:13,137.45,EU
226,1165,596,2025-05-17 13:13:01,226.78,US
227,1965,553,2025-05-27 00:01:01,265.95,EU
228,1698,562,2025-05-24 08:14:10,256.13,EU
229,1856,598,2025-06-11 15:21:36,105.48,APAC
230,1996,526,2025-05-22 07:12:33,130.59,US
231,1786,542,2025-05-25 17:26:44,22.37,APAC
232,1173,590,2025-06-10 02:33:59,97.14,APAC
233,1965,533,2025-06-11 01:16:48,100.21,APAC
234,1505,532,2025-05-17 02:13:58,455.29,US
235,1194,552,2025-05-31 03:27:44,201.0,APAC
236,1678,526,2025-05-16 00:31:11,250.47,APAC
237,1759,537,2025-06-01 09:59:59,474.47,EU
238,1909,566,2025-05-28 03:18:37,240.4,EU
239,1567,548,2025-05-25 02:12:10,247.76,APAC
240,1044,508,2025-05-22 20:53:30,80.34,US
241,1100,550,2025-05-15 13:42:28,32.14,US
242,1614,556,2025-06-04 01:01:28,151.39,APAC
243,1791,544,2025-06-04 12:17:18,371.68,APAC
244,1848,528,2025-05-29 15:53:34,283.49,APAC
245,1551,516,2025-06-04 05:45:00,69.02,APAC
246,1368,517,2025-06-13 00:29:05,208.52,US
247,1831,569,2025-06-07 10:12:53,461.18,APAC
248,1518,591,2025-06-12 15:36:08,286.8,EU
249,1573,531,2025-05-22 15:27:59,11.49,US
250,1081,552,2025-05-20 11:50:53,82.98,APAC
251,1193,530,2025-06-06 20:27:36,483.01,APAC
252,1104,577,2025-05-21 15:33:37,431.25,APAC
253,1403,557,2025-06-13 03:35:37,254.47,US
254,1582,537,2025-05-28 10:09:54,251.44,APAC
255,1315,583,2025-05-22 02:39:17,433.68,APAC
256,1044,547,2025-06-06 04:59:46,140.01,APAC
257,1130,598,2025-06-13 01:22:03,233.66,US
258,1810,542,2025-06-01 02:15:08,10.39,APAC
259,1796,547,2025-06-02 15:31:59,194.94,APAC
260,1561,536,2025-06-01 02:25:48,290.56,EU
261,1941,576,2025-05-20 07:22:07,494.63,APAC
262,1563,532,2025-05-24 23:18:23,346.67,APAC
263,1706,508,2025-06-13 02:29:22,316.11,US
264,1512,519,2025-06-12 12:28:57,383.29,US
265,1655,571,2025-06-07 07:03:07,359.04,US
266,1521,578,2025-06-01 13:11:45,157.46,EU
267,1186,590,2025-06-08 00:15:33,294.38,US
268,1057,587,2025-06-05 01:21:55,365.19,US
269,1232,565,2025-05-24 02:31:48,244.74,EU
270,1560,506,2025-06-10 10:34:07,105.33,EU
271,1651,581,2025-06-05 06:10:15,54.03,APAC
272,1483,512,2025-06-06 21:33:55,308.36,US
273,1702,548,2025-06-04 14:03:44,255.47,US
274,1308,522,2025-05-17 08:47:19,350.09,APAC
275,1698,556,2025-05-23 01:18:32,226.49,US
276,1476,579,2025-06-11 06:58:44,83.35,US
277,1162,555,2025-06-04 06:50:25,48.56,APAC
278,1425,582,2025-06-12 09:31:36,49.04,APAC
279,1076,594,2025-05-23 04:21:11,455.94,EU
280,1138,586,2025-06-01 21:46:16,435.87,US
281,1138,566,2025-05-24 20:18:17,260.11,APAC
282,1390,577,2025-06-05 12:19:33,134.84,EU
283,1168,587,2025-05-28 23:29:23,146.48,EU
284,1635,510,2025-05-21 19:25:13,460.06,EU
285,1827,514,2025-05-17 22:46:05,468.67,US
286,1453,507,2025-05-20 11:45:47,365.08,EU
287,1628,570,2025-05-24 15:29:36,353.23,US
288,1597,513,2025-05-21 20:29:05,188.53,US
289,1600,567,2025-05-31 10:03:11,67.88,APAC
290,1150,571,2025-05-19 19:58:32,431.31,US
291,1438,534,2025-05-15 16:46:56,33.9,APAC
292,1333,521,2025-05-24 01:31:47,469.82,US
293,1055,547,2025-06-12 10:22:19,323.48,EU
294,1191,592,2025-05-22 16:30:10,343.87,EU
295,1186,527,2025-05-24 16:58:05,14.08,APAC
296,1967,590,2025-06-11 06:24:44,163.61,US
297,1759,556,2025-06-06 01:04:23,225.27,APAC
298,1244,578,2025-05-21 23:54:54,164.45,EU
299,1331,563,2025-05-29 00:34:52,174.37,EU
300,1013,599,2025-05-15 10:51:55,59.03,US
301,1398,583,2025-05-18 00:44:27,121.03,US
302,1028,516,2025-05-19 04:08:57,301.64,APAC
303,1149,554,2025-05-31 01:40:22,36.74,EU
304,1179,589,2025-06-11 14:09:29,232.26,EU
305,1338,534,2025-05-14 14:56:44,291.26,APAC
306,1377,542,2025-06-06 17:34:30,37.54,US
307,1318,560,2025-06-09 03:38:19,155.51,APAC
308,1828,587,2025-06-08 08:38:49,156.73,APAC
309,1977,542,2025-05-16 00:46:37,240.23,APAC
310,1007,555,2025-06-04 01:40:55,227.8,EU
311,1046,568,2025-05-26 05:08:01,438.81,EU
312,1102,531,2025-05-26 20:11:44,56.35,EU
313,1843,515,2025-06-05 01:07:04,352.77,APAC
314,1192,598,2025-06-11 01:30:05,257.55,EU
315,1382,527,2025-06-12 03:28:49,315.7,US
316,1003,503,2025-05-25 02:59:12,305.41,US
317,1297,523,2025-06-09 00:51:17,194.81,US
318,1868,508,2025-05-14 10:53:07,38.45,EU
319,1256,583,2025-06-01 08:42:42,442.09,US
320,1382,561,2025-05-31 19:00:00,12.8,APAC
321,1211,594,2025-05-23 18:14:18,139.81,US
322,1764,594,2025-06-02 06:38:36,459.0,EU
323,1221,507,2025-05-21 14:48:07,415.3,APAC
324,1673,586,2025-06-13 02:01:17,457.68,EU
325,1094,502,2025-05-16 12:10:54,53.13,US
326,1419,550,2025-06-11 18:41:46,282.52,EU
327,1826,596,2025-05-18 17:57:26,495.13,US
328,1833,566,2025-05-16 21:36:51,202.7,APAC
329,1969,535,2025-05-27 05:09:16,379.3,EU
330,1890,556,2025-06-01 21:53:17,155.51,APAC
331,1732,541,2025-06-11 20:14:35,426.85,EU
332,1273,599,2025-05-14 21:26:10,220.4,EU
333,1682,551,2025-06-06 10:58:17,59.7,EU
334,1463,599,2025-05-30 05:54:11,197.78,US
335,1337,597,2025-06-11 10:34:02,246.58,US
336,1980,568,2025-06-09 18:59:15,127.1,EU
337,1143,586,2025-05-26 16:41:35,41.37,EU
338,1753,541,2025-05-28 13:12:43,394.36,EU
339,1319,517,2025-05-17 09:30:48,141.1,US
340,1231,566,2025-05-26 19:36:45,40.16,US
341,1541,576,2025-06-05 06:25:01,184.69,EU
342,1063,598,2025-06-04 22:54:23,215.43,APAC
343,1755,543,2025-06-04 00:35:14,335.76,US
344,1892,558,2025-05-28 06:54:58,295.41,APAC
345,1704,502,2025-06-06 01:53:12,19.0,APAC
346,1348,570,2025-05-17 06:09:45,215.97,US
347,1191,532,2025-06-05 08:51:16,448.64,US
348,1596,506,2025-06-10 08:01:39,54.37,EU
349,1055,589,2025-05-27 06:17:14,239.25,EU
350,1325,555,2025-05-26 07:42:10,270.58,APAC
351,1157,579,2025-05-30 10:13:23,121.43,APAC
352,1605,559,2025-05-27 20:36:20,363.88,APAC
353,1791,567,2025-06-03 15:39:50,350.78,EU
354,1540,572,2025-05-17 10:25:34,291.75,APAC
355,1825,582,2025-05-28 16:59:01,34.01,US
356,1448,572,2025-05-22 12:39:48,137.81,APAC
357,1280,579,2025-05-29 12:54:23,379.51,EU
358,1209,582,2025-06-08 22:09:21,59.58,APAC
359,1798,518,2025-06-05 04:56:16,109.24,US
360,1714,555,2025-05-22 08:53:50,429.56,US
361,1094,595,2025-05-21 21:36:14,490.84,APAC
362,1225,558,2025-05-25 19:13:16,152.3,APAC
363,1745,521,2025-06-12 02:36:21,254.83,APAC
364,1240,577,2025-05-24 02:43:59,490.44,EU
365,1474,547,2025-05-31 11:50:18,376.31,US
366,1246,510,2025-06-10 02:48:40,22.58,EU
367,1518,514,2025-05-19 12:41:56,215.15,APAC
368,1066,565,2025-05-31 22:20:29,411.09,US
369,1192,580,2025-06-06 16:16:14,280.73,APAC
370,1695,550,2025-05-30 06:29:48,213.17,EU
371,1792,523,2025-05-24 21:51:50,116.87,EU
372,1415,584,2025-05-27 15:22:06,16.69,EU
373,1542,559,2025-05-22 03:44:56,483.85,APAC
374,1502,595,2025-05-29 01:40:29,161.23,EU
375,1920,516,2025-05-18 11:02:29,13.29,APAC
376,1084,541,2025-06-13 07:29:31,397.14,APAC
377,1988,532,2025-05-29 18:59:38,203.97,EU
378,1320,562,2025-05-28 02:49:21,196.54,US
379,1899,589,2025-05-26 06:57:38,46.59,EU
380,1103,589,2025-06-10 13:16:08,396.09,APAC
381,1782,548,2025-06-09 19:27:57,483.12,EU
382,1658,550,2025-05-24 03:04:53,383.14,APAC
383,1075,579,2025-05-22 09:53:41,271.07,EU
384,1850,544,2025-05-17 08:18:56,127.78,APAC
385,1114,596,2025-06-11 03:06:46,182.68,APAC
386,1025,581,2025-05-17 07:11:53,216.6,APAC
387,1020,528,2025-05-20 14:22:27,18.91,EU
388,1662,558,2025-05-14 15:27:53,145.66,US
389,1348,558,2025-05-25 03:15:11,133.71,US
390,1013,513,2025-05-23 10:00:49,128.42,EU
391,1184,587,2025-06-12 13:31:24,79.67,EU
392,1369,555,2025-05-22 02:54:28,313.57,APAC
393,1950,572,2025-06-12 19:35:02,434.02,EU
394,1225,508,2025-06-09 23:14:33,419.98,APAC
395,1487,529,2025-06-12 14:53:43,206.26,US
396,1593,519,2025-05-29 00:59:43,406.42,APAC
397,1728,540,2025-05-30 02:09:34,473.57,US
398,1148,561,2025-06-03 17:22:19,218.26,US
399,1758,581,2025-05-20 05:57:57,244.23,US
400,1822,504,2025-06-05 04:19:50,309.53,APAC
401,1017,527,2025-06-01 09:36:27,102.68,APAC
402,1433,551,2025-05-26 13:38:48,181.6,EU
403,1718,539,2025-06-07 19:51:27,454.98,APAC
404,1509,589,2025-06-05 23:01:28,89.56,EU
405,1623,559,2025-06-11 17:38:26,364.82,APAC
406,1538,518,2025-05-27 19:32:34,444.28,APAC
407,1637,539,2025-05-14 22:37:54,329.6,APAC
408,1084,566,2025-06-06 01:21:08,267.95,US
409,1158,563,2025-05-29 17:38:52,293.86,EU
410,1393,541,2025-05-24 20:28:23,438.22,EU
411,1792,559,2025-05-26 05:26:19,228.65,EU
412,1783,550,2025-05-20 03:27:02,275.85,APAC
413,1429,541,2025-06-05 15:16:24,338.01,US
414,1082,536,2025-06-02 01:15:26,277.05,APAC
415,1145,600,2025-06-01 12:57:45,91.6,EU
416,1177,553,2025-06-03 23:01:29,218.32,US
417,1497,567,2025-06-11 20:37:49,123.4,APAC
418,1238,593,2025-06-09 21:49:10,419.88,EU
419,1034,587,2025-06-12 01:03:11,309.13,APAC
420,1771,586,2025-05-15 00:18:50,42.87,APAC
421,1078,583,2025-06-12 13:34:42,242.87,APAC
422,1050,569,2025-05-27 18:17:45,166.13,APAC
423,1578,522,2025-05-16 03:06:33,318.19,US
424,1011,567,2025-05-31 05:00:26,372.95,US
425,1138,581,2025-05-19 00:24:40,375.38,EU
426,1181,549,2025-05-20 12:37:08,261.8,EU
427,1608,522,2025-05-20 15:18:06,165.97,US
428,1651,581,2025-05-19 17:47:16,477.61,US
429,1381,566,2025-05-24 11:07:04,452.21,US
430,1750,543,2025-05-17 03:22:19,35.93,EU
431,1146,561,2025-05-16 04:41:37,414.71,EU
432,1730,579,2025-06-05 17:24:30,65.5,US
433,1722,535,2025-06-07 21:23:11,154.56,EU
434,1856,555,2025-05-26 01:17:58,289.44,EU
435,1745,552,2025-05-29 14:26:54,222.17,EU
436,1356,531,2025-06-09 04:33:21,71.21,EU
437,1192,564,2025-05-17 13:56:47,126.21,APAC
438,1120,588,2025-06-13 06:10:17,410.56,APAC
439,1317,581,2025-06-04 06:04:29,436.2,APAC
440,1839,574,2025-06-07 02:17:31,123.24,EU
441,1739,535,2025-05-17 20:45:45,263.68,APAC
442,1483,581,2025-06-08 21:56:01,311.19,US
443,1978,555,2025-06-07 12:09:02,249.92,US
444,1389,594,2025-06-13 06:05:09,430.31,APAC
445,1284,540,2025-05-23 05:06:21,460.35,EU
446,1122,585,2025-05-18 06:59:58,146.53,US
447,1490,591,2025-05-29 03:22:00,147.8,APAC
448,1551,510,2025-05-25 05:42:48,326.32,US
449,1715,536,2025-05-18 20:24:15,38.1,APAC
450,1959,584,2025-06-06 13:51:35,389.24,EU
451,1847,591,2025-06-09 16:20:33,143.18,EU
452,1967,594,2025-05-20 09:14:45,173.03,EU
453,1687,506,2025-05-30 06:04:58,318.9,APAC
454,1208,517,2025-06-06 08:15:39,499.38,EU
455,1840,575,2025-05-15 14:21:01,387.43,APAC
456,1108,542,2025-05-30 13:42:03,194.91,APAC
457,1261,562,2025-06-09 04:30:18,380.22,US
458,1368,514,2025-05-27 08:34:35,46.55,APAC
459,1078,504,2025-05-29 08:35:12,244.6,APAC
460,1622,580,2025-05-31 12:46:07,40.4,US
461,1898,514,2025-05-17 04:14:55,455.78,US
462,1389,525,2025-05-16 04:01:02,378.01,EU
463,1853,513,2025-06-09 00:47:08,154.6,US
464,1384,551,2025-05-27 00:16:51,180.46,US
465,1083,598,2025-06-06 16:31:58,326.5,EU
466,1807,528,2025-05-30 02:10:31,438.21,EU
467,1713,579,2025-06-09 11:13:22,76.54,EU
468,1847,529,2025-06-12 12:12:43,204.45,US
469,1666,523,2025-06-07 05:14:31,268.36,US
470,1731,504,2025-06-11 08:11:19,186.31,APAC
471,1488,592,2025-05-30 14:45:48,157.47,US
472,1824,555,2025-05-28 16:50:36,346.81,EU
473,1929,508,2025-06-08 21:04:48,480.73,EU
474,1023,595,2025-06-05 22:39:39,217.86,APAC
475,1704,560,2025-06-04 01:13:36,219.27,EU
476,1008,571,2025-05-15 00:44:46,167.66,US
477,1553,537,2025-06-10 01:50:21,469.46,EU
478,1383,566,2025-06-05 11:03:06,326.81,US
479,1784,582,2025-05-20 13:26:24,15.75,APAC
480,1090,526,2025-05-27 16:25:16,143.98,EU
481,1037,575,2025-06-06 02:16:47,85.9,APAC
482,1776,566,2025-06-06 07:46:09,238.52,EU
483,1764,534,2025-05-15 22:09:26,73.62,APAC
484,1812,576,2025-05-30 06:35:15,55.35,APAC
485,1273,579,2025-05-16 14:31:31,102.11,US
486,1350,572,2025-06-06 08:52:12,388.47,APAC
487,1340,566,2025-05-31 16:49:17,68.25,EU
488,1198,518,2025-06-08 20:15:59,165.58,EU
489,1064,507,2025-06-07 22:51:50,483.8,EU
490,1271,594,2025-05-14 11:54:12,485.47,APAC
491,1872,575,2025-06-03 07:52:03,387.59,EU
492,1135,508,2025-05-15 16:45:34,260.92,APAC
493,1657,578,2025-06-01 07:12:58,52.5,EU
494,1712,557,2025-06-08 13:16:49,322.54,APAC
495,1772,539,2025-06-10 12:32:42,182.91,US
496,1532,556,2025-05-25 16:34:01,438.9,US
497,1002,574,2025-05-18 21:11:01,470.65,US
498,1068,581,2025-05-25 15:34:48,289.94,EU
499,1286,560,2025-05-17 05:46:47,470.59,US
500,1051,532,2025-05-14 23:04:05,238.47,EU
501,1031,557,2025-05-22 00:15:22,373.12,US
502,1096,585,2025-05-23 02:17:26,431.96,EU
503,1517,509,2025-05-22 12:48:51,244.19,US
504,1204,597,2025-05-30 13:19:18,175.64,EU
505,1856,552,2025-05-28 17:35:10,291.89,APAC
506,1874,584,2025-05-31 02:17:26,189.08,EU
507,1954,505,2025-05-31 00:07:13,305.83,APAC
508,1324,509,2025-06-09 22:34:04,328.96,US
509,1994,541,2025-05-25 11:07:57,316.46,EU
510,1714,547,2025-06-08 00:32:15,343.06,APAC
511,1137,522,2025-05-18 23:19:45,20.65,APAC
512,1718,545,2025-06-03 08:20:38,294.53,APAC
513,1178,536,2025-05-25 09:05:02,159.95,US
514,1498,549,2025-06-09 12:06:40,169.8,EU
515,1294,574,2025-06-08 13:13:35,271.41,US
516,1322,526,2025-05-17 13:59:04,130.76,EU
517,1444,518,2025-05-20 06:16:43,81.68,US
518,1968,585,2025-05-18 11:09:03,427.29,EU
519,1178,515,2025-06-04 23:25:03,38.11,US
520,1643,588,2025-05-14 12:06:53,447.46,US
521,1974,563,2025-05-27 20:46:24,106.97,APAC
522,1325,560,2025-05-23 06:02:22,226.33,EU
523,1944,525,2025-06-09 04:43:02,254.0,EU
524,1028,515,2025-05-25 02:25:34,447.09,APAC
525,1001,589,2025-06-01 05:10:11,109.87,EU
526,1391,541,2025-06-07 05:03:19,469.73,APAC
527,1761,578,2025-05-21 23:48:45,326.09,APAC
528,1932,546,2025-05-15 14:19:55,263.34,EU
529,1724,575,2025-05-27 14:04:13,455.6,EU
530,1060,586,2025-05-17 10:31:56,116.18,EU
531,1257,595,2025-06-02 09:26:28,254.58,US
532,1359,536,2025-05-23 15:06:48,381.84,US
533,1850,503,2025-05-23 10:01:16,256.03,EU
534,1259,525,2025-06-03 19:46:22,288.51,US
535,1578,532,2025-06-12 07:25:53,107.8,US
536,1111,514,2025-05-27 23:30:41,68.78,EU
537,1014,560,2025-05-20 05:17:58,393.7,EU
538,1192,578,2025-06-11 22:45:06,59.89,US
539,1441,569,2025-06-01 08:04:20,290.25,EU
540,1461,506,2025-06-05 17:44:33,128.25,US
541,1251,574,2025-05-31 11:09:56,129.13,EU
542,1892,549,2025-05-16 04:03:39,259.05,APAC
543,1983,541,2025-05-16 09:19:54,118.25,US
544,1952,517,2025-06-09 15:31:20,108.65,EU
545,1524,583,2025-05-23 22:14:06,337.9,US
546,1416,533,2025-05-28 09:04:45,453.69,US
547,1207,556,2025-05-15 07:48:09,52.45,US
548,1341,572,2025-06-06 17:40:30,151.61,APAC
549,1324,599,2025-05-22 20:46:04,235.48,EU
550,1283,504,2025-05-21 11:56:16,88.5,EU
551,1679,556,2025-06-05 17:27:25,237.98,APAC
552,1787,540,2025-05-24 15:10:41,312.8,APAC
553,1304,526,2025-05-14 23:41:53,114.86,US
554,1840,504,2025-06-06 10:59:05,190.43,US
555,1879,515,2025-05-30 02:18:05,183.32,EU
556,1166,533,2025-05-22 05:28:13,443.54,APAC
557,1029,582,2025-06-09 03:37:24,184.46,APAC
558,1338,571,2025-06-13 02:28:15,313.27,US
559,1079,581,2025-05-25 03:30:21,147.98,APAC
560,1766,540,2025-06-05 21:56:24,112.34,APAC
561,1408,581,2025-06-05 23:42:58,353.38,US
562,1401,574,2025-06-09 14:14:39,447.93,APAC
563,1891,588,2025-05-18 12:51:12,152.37,APAC
564,1419,591,2025-05-25 05:32:09,150.72,EU
565,1844,505,2025-05-24 23:39:46,368.05,APAC
566,1839,531,2025-06-11 17:55:26,425.72,EU
567,1534,533,2025-05-19 03:09:15,430.4,APAC
568,1252,569,2025-05-31 17:22:52,143.55,EU
569,1587,523,2025-05-19 07:09:51,102.69,APAC
570,1532,512,2025-05-27 22:19:56,439.92,EU
571,1144,511,2025-06-01 12:28:41,494.46,EU
572,1182,600,2025-06-02 18:23:41,297.2,APAC
573,1546,526,2025-05-30 09:26:50,353.0,EU
574,1279,522,2025-06-08 21:56:26,299.38,APAC
575,1896,516,2025-05-16 10:40:28,124.35,US
576,1018,514,2025-06-02 08:28:56,340.79,US
577,1669,536,2025-06-03 03:21:28,205.45,EU
578,1257,567,2025-05-16 04:19:40,27.45,US
579,1938,579,2025-05-16 11:24:53,471.11,EU
580,1577,537,2025-05-16 14:29:41,110.87,APAC
581,1398,554,2025-06-12 19:44:32,89.96,US
582,1463,507,2025-05-29 15:33:16,437.56,EU
583,1717,525,2025-06-02 09:08:37,302.44,EU
584,1816,549,2025-06-06 13:36:09,442.1,APAC
585,1148,569,2025-05-23 15:53:21,357.69,EU
586,1631,526,2025-05-16 06:06:22,462.09,EU
587,1827,505,2025-05-24 13:48:17,240.59,EU
588,1858,521,2025-05-20 04:43:10,373.11,EU
589,1626,516,2025-05-17 22:36:45,405.61,US
590,1036,563,2025-05-27 07:21:11,339.32,US
591,1321,504,2025-05-21 20:40:25,251.32,EU
592,1580,563,2025-05-14 11:33:50,71.38,US
593,1196,573,2025-05-29 10:55:37,276.25,EU
594,1070,552,2025-06-05 03:30:06,234.11,APAC
595,1841,515,2025-05-21 00:04:02,201.06,EU
596,1371,538,2025-05-17 17:34:06,478.5,US
597,1378,573,2025-05-20 02:07:42,311.53,EU
598,1358,545,2025-06-01 16:45:46,497.66,APAC
599,1448,568,2025-05-17 18:50:21,385.44,US
600,1648,530,2025-06-07 14:01:06,66.77,APAC
601,1828,513,2025-05-29 06:23:52,247.39,APAC
602,1871,552,2025-05-27 11:22:56,329.72,APAC
603,1248,586,2025-06-08 16:27:42,471.2,APAC
604,1581,505,2025-05-19 09:38:58,64.29,APAC
605,1887,532,2025-06-01 12:48:44,274.83,APAC
606,1620,534,2025-06-01 20:22:45,474.65,US
607,1534,568,2025-06-13 03:32:24,281.75,US
608,1530,552,2025-06-02 11:08:00,337.8,EU
609,1537,579,2025-05-29 14:20:24,216.32,US
610,1453,539,2025-05-24 06:08:03,130.68,US
611,1657,507,2025-05-29 19:00:30,115.63,EU
612,1857,516,2025-05-25 12:23:57,221.98,EU
613,1772,584,2025-05-26 02:01:48,89.15,US
614,1576,591,2025-05-15 12:35:01,215.26,US
615,1525,586,2025-06-08 18:01:49,50.77,EU
616,1424,560,2025-05-22 22:57:12,90.04,US
617,1181,551,2025-05-27 02:59:03,325.85,APAC
618,1033,546,2025-05-20 12:00:56,300.39,APAC
619,1928,567,2025-05-30 19:51:39,445.68,EU
620,1334,514,2025-05-25 22:35:52,267.36,APAC
621,1092,559,2025-05-26 02:00:47,417.69,EU
622,1929,566,2025-05-20 04:29:06,70.92,APAC
623,1326,521,2025-05-31 07:17:55,466.79,APAC
624,1514,524,2025-05-31 04:00:14,273.39,APAC
625,1178,522,2025-05-28 17:19:31,106.21,US
626,1755,580,2025-05-21 23:24:43,240.34,US
627,1725,590,2025-05-28 11:35:17,463.9,EU
628,1821,548,2025-06-04 04:59:38,248.5,EU
629,1304,547,2025-05-24 12:45:18,45.4,APAC
630,1371,578,2025-06-02 13:42:46,402.88,US
631,1452,578,2025-05-18 01:57:07,203.74,APAC
632,1050,505,2025-05-18 04:47:41,256.75,EU
633,1573,521,2025-05-20 12:38:16,66.94,APAC
634,1472,593,2025-06-11 12:36:43,39.07,US
635,1648,506,2025-06-11 10:06:08,39.25,EU
636,1169,572,2025-05-15 10:25:05,106.91,EU
637,1938,590,2025-05-19 16:16:53,474.73,APAC
638,1039,575,2025-05-18 16:06:52,443.76,APAC
639,1596,584,2025-06-11 08:50:23,209.5,EU
640,1942,530,2025-06-11 22:01:16,180.22,EU
641,1844,534,2025-05-18 19:08:10,39.46,US
642,1492,585,2025-05-29 08:37:41,292.15,US
643,1663,580,2025-05-15 19:56:05,219.5,EU
644,1275,595,2025-06-05 07:19:08,317.88,US
645,1972,538,2025-05-30 21:34:24,38.67,US
646,1838,544,2025-05-24 10:54:44,365.87,EU
647,1071,581,2025-06-10 06:03:47,493.5,US
648,1718,528,2025-05-31 16:20:20,238.55,APAC
649,1956,550,2025-05-29 23:39:44,248.42,APAC
650,1346,598,2025-05-17 14:46:58,194.98,US
651,1365,542,2025-05-30 20:52:23,252.32,EU
652,1457,594,2025-05-27 07:59:57,75.03,EU
653,1179,549,2025-05-28 00:54:22,66.12,US
654,1629,593,2025-05-29 23:55:51,421.76,EU
655,1533,504,2025-05-15 01:42:57,91.11,APAC
656,1384,532,2025-05-25 22:11:32,343.25,APAC
657,1925,524,2025-06-12 15:27:31,55.75,EU
658,1219,510,2025-05-18 07:19:10,275.48,EU
659,1383,535,2025-06-05 07:49:19,187.87,US
660,1992,577,2025-06-02 04:37:25,58.35,US
661,1333,547,2025-06-08 22:29:12,393.52,EU
662,1706,559,2025-05-27 23:55:06,163.49,EU
663,1053,584,2025-05-21 00:53:41,214.52,EU
664,1168,519,2025-06-04 11:45:42,336.93,APAC
665,1796,558,2025-05-31 09:49:46,484.41,EU
666,1268,596,2025-05-30 15:56:13,452.55,APAC
667,1304,579,2025-05-27 06:09:22,455.73,US
668,1899,527,2025-05-19 11:23:07,104.35,EU
669,1768,531,2025-05-25 22:11:20,420.15,EU
670,1783,520,2025-05-14 12:32:22,341.23,APAC
671,1333,563,2025-05-30 19:44:14,431.07,APAC
672,1642,560,2025-05-20 02:07:44,488.19,APAC
673,1077,585,2025-05-19 18:23:23,138.21,APAC
674,1608,589,2025-06-08 04:28:20,118.7,APAC
675,1453,525,2025-05-21 23:46:20,332.9,EU
676,1900,579,2025-06-02 13:46:19,132.07,APAC
677,1717,586,2025-06-07 10:52:45,15.91,US
678,1408,537,2025-06-08 21:58:42,84.19,APAC
679,1597,515,2025-05-26 01:39:10,305.31,EU
680,1227,586,2025-05-24 14:48:13,443.19,US
681,1781,559,2025-05-15 14:38:51,320.84,US
682,1559,532,2025-06-04 01:01:10,76.53,APAC
683,1647,504,2025-06-07 08:36:56,372.37,US
684,1103,534,2025-05-27 21:07:55,448.2,APAC
685,1529,578,2025-06-04 22:31:58,18.75,APAC
686,1465,543,2025-05-18 05:27:27,359.96,APAC
687,1166,583,2025-05-23 03:25:12,369.64,US
688,1068,573,2025-06-08 13:29:53,373.46,EU
689,1490,540,2025-05-28 20:09:35,301.01,US
690,1029,558,2025-05-31 03:11:27,404.58,APAC
691,1422,573,2025-05-21 03:14:09,486.46,US
692,1227,558,2025-06-05 03:37:37,321.4,US
693,1191,582,2025-06-10 18:44:21,411.64,US
694,1824,524,2025-06-09 13:55:57,77.12,EU
695,1820,546,2025-06-08 13:21:36,142.77,APAC
696,1053,535,2025-06-13 05:36:30,151.36,US
697,1245,568,2025-05-29 07:26:54,499.47,EU
698,1674,555,2025-06-06 15:04:12,250.13,US
699,1886,513,2025-06-03 11:22:02,96.58,EU
700,1516,549,2025-06-06 01:14:01,279.02,APAC
701,1086,523,2025-05-17 22:16:00,301.92,US
702,1938,536,2025-05-19 02:09:46,43.72,US
703,1857,578,2025-06-02 15:16:43,199.02,EU
704,1808,598,2025-06-04 08:53:15,43.12,EU
705,1495,588,2025-05-18 11:29:08,151.04,EU
706,1709,519,2025-05-24 04:07:21,54.34,US
707,1826,560,2025-06-05 10:09:31,115.86,EU
708,1872,569,2025-06-09 21:10:15,107.25,APAC
709,1735,503,2025-05-23 04:52:10,473.36,EU
710,1925,555,2025-06-09 23:54:45,274.45,APAC
711,1933,587,2025-05-15 13:33:43,270.66,APAC
712,1693,522,2025-05-19 10:57:23,416.68,APAC
713,1104,577,2025-06-06 17:31:29,269.62,US
714,1123,556,2025-05-19 01:10:27,79.36,US
715,1518,539,2025-05-24 19:25:02,330.44,APAC
716,1197,565,2025-05-19 09:32:58,493.89,US
717,1273,570,2025-05-26 10:45:20,375.12,EU
718,1064,526,2025-05-19 06:01:39,225.71,US
719,1254,510,2025-05-23 06:56:50,230.81,APAC
720,1357,583,2025-06-09 03:04:44,453.02,APAC
721,1568,508,2025-05-26 14:30:38,35.49,APAC
722,1390,550,2025-06-12 10:22:12,469.59,APAC
723,1281,593,2025-05-31 02:16:09,224.95,EU
724,1559,531,2025-05-20 05:39:51,425.83,APAC
725,1489,571,2025-05-15 06:27:00,462.55,US
726,1680,535,2025-05-22 19:56:20,397.41,EU
727,1253,599,2025-06-12 05:15:51,467.12,US
728,1274,529,2025-06-05 10:58:10,368.28,EU
729,1817,534,2025-05-31 20:34:24,234.21,EU
730,1734,519,2025-05-28 03:15:42,206.63,EU
731,1098,572,2025-05-24 15:01:39,187.96,EU
732,1762,583,2025-05-30 12:10:02,354.02,EU
733,1844,513,2025-05-26 04:38:19,496.41,EU
734,1172,522,2025-05-31 18:40:30,45.82,APAC
735,1678,589,2025-05-15 20:01:28,239.89,US
736,1050,593,2025-06-02 07:35:21,357.72,EU
737,1703,579,2025-06-03 21:29:16,192.76,US
738,1469,600,2025-06-10 01:48:07,217.6,APAC
739,1263,594,2025-06-10 15:07:33,447.48,EU
740,1680,501,2025-06-10 06:12:15,468.54,US
741,1340,580,2025-05-15 07:27:07,29.22,APAC
742,1727,579,2025-05-27 21:25:15,346.66,APAC
743,1140,571,2025-05-21 11:21:15,460.7,APAC
744,1285,567,2025-06-06 03:17:39,365.49,APAC
745,1376,589,2025-06-10 02:04:58,118.54,EU
746,1213,517,2025-06-10 13:31:33,429.9,EU
747,1818,557,2025-05-17 18:50:36,394.56,EU
748,1589,509,2025-06-04 02:24:23,391.29,APAC
749,1610,537,2025-06-12 04:49:02,387.8,EU
750,1138,538,2025-06-03 04:25:26,124.52,US
751,1937,529,2025-06-05 07:15:15,70.18,US
752,1792,533,2025-05-20 19:03:34,186.73,EU
753,1649,568,2025-05-29 23:48:46,444.24,US
754,1621,531,2025-05-20 00:53:19,180.73,US
755,1398,537,2025-06-06 19:38:00,184.93,APAC
756,1382,564,2025-06-05 01:16:25,437.25,US
757,1810,572,2025-06-02 12:27:06,145.02,EU
758,1654,585,2025-05-23 01:04:12,98.75,APAC
759,1780,529,2025-05-22 00:32:13,259.12,EU
760,1360,537,2025-06-03 18:07:10,198.42,US
761,1891,549,2025-05-15 20:32:55,402.34,APAC
762,1409,568,2025-05-19 03:42:06,429.5,APAC
763,1084,527,2025-06-03 07:05:18,324.78,APAC
764,1011,582,2025-05-27 10:34:24,227.44,EU
765,1724,583,2025-06-02 11:49:40,350.68,EU
766,1469,556,2025-05-20 16:27:06,412.49,APAC
767,1619,568,2025-05-22 10:43:32,454.09,EU
768,1405,558,2025-06-01 18:56:58,14.03,EU
769,1282,570,2025-05-29 06:33:51,244.6,EU
770,1122,507,2025-05-23 07:09:16,15.24,EU
771,1005,589,2025-05-19 02:27:02,344.61,EU
772,1045,532,2025-05-18 06:07:45,47.57,US
773,1567,536,2025-05-14 13:29:15,265.66,APAC
774,1286,516,2025-05-26 11:06:40,499.89,EU
775,1179,547,2025-05-24 03:30:40,161.21,EU
776,1103,519,2025-05-26 09:09:27,132.45,APAC
777,1034,587,2025-05-26 02:39:50,133.11,EU
778,1407,554,2025-05-19 05:02:50,140.87,US
779,1127,506,2025-05-24 21:42:53,318.64,US
780,1791,523,2025-06-12 09:36:41,240.14,US
781,1429,550,2025-05-30 17:46:23,138.04,US
782,1124,534,2025-06-12 11:01:34,267.3,EU
783,1040,515,2025-05-23 12:45:54,175.09,EU
784,1674,563,2025-06-12 06:35:18,319.22,APAC
785,1358,591,2025-06-01 08:41:24,490.02,EU
786,1700,582,2025-06-05 20:05:57,52.42,EU
787,1582,523,2025-05-26 06:28:33,430.35,EU
788,1234,514,2025-05-28 19:33:05,93.22,US
789,1505,548,2025-05-28 23:53:26,51.49,APAC
790,1308,529,2025-05-22 09:44:44,373.23,APAC
791,1614,543,2025-05-24 01:15:00,426.7,US
792,1900,573,2025-06-02 00:25:37,179.14,APAC
793,1348,593,2025-06-04 18:51:20,291.09,APAC
794,1650,572,2025-05-23 06:40:54,166.97,US
795,1743,565,2025-05-16 19:20:49,137.73,APAC
796,1763,597,2025-05-30 01:13:28,255.22,APAC
797,1464,523,2025-05-24 10:56:34,367.47,US
798,1227,578,2025-06-07 11:10:41,273.55,EU
799,1698,521,2025-05-18 19:13:48,44.63,US
800,1379,537,2025-05-30 20:53:08,384.51,US
801,1459,538,2025-05-18 07:55:10,132.75,EU
802,1522,536,2025-06-03 12:47:45,254.55,APAC
803,1890,556,2025-06-02 01:53:35,316.32,US
804,1685,567,2025-06-01 21:11:14,330.77,EU
805,1631,590,2025-05-29 15:03:17,124.8,EU
806,1059,515,2025-05-18 05:32:14,117.74,US
807,1915,597,2025-05-31 11:29:24,305.24,APAC
808,1355,526,2025-06-12 23:26:00,102.64,EU
809,1384,546,2025-06-05 22:37:01,239.58,US
810,1572,507,2025-06-11 11:21:39,456.89,APAC
811,1077,539,2025-06-13 08:06:04,294.57,EU
812,1854,511,2025-06-09 03:18:09,317.85,US
813,1218,582,2025-06-01 02:22:31,359.16,US
814,1639,513,2025-05-28 04:53:36,353.25,APAC
815,1388,560,2025-05-19 02:02:20,187.1,EU
816,1516,598,2025-06-01 05:13:20,85.89,US
817,1751,522,2025-05-27 22:30:50,306.45,APAC
818,1632,563,2025-06-03 05:09:58,244.63,EU
819,1493,537,2025-05-20 23:08:28,415.05,APAC
820,1660,547,2025-06-08 14:41:09,346.24,US
821,1504,507,2025-06-12 21:25:15,29.39,US
822,1873,539,2025-06-10 17:17:58,172.36,APAC
823,1745,550,2025-06-11 12:46:09,70.14,APAC
824,1888,567,2025-05-29 07:07:15,45.81,EU
825,1066,555,2025-05-30 08:00:26,288.61,US
826,1565,512,2025-05-16 06:01:09,373.23,APAC
827,1002,569,2025-05-26 01:43:58,361.4,APAC
828,1432,568,2025-05-24 15:45:00,210.18,APAC
829,1647,553,2025-06-07 06:39:30,208.82,US
830,1982,535,2025-05-21 23:51:31,120.64,EU
831,1938,569,2025-06-12 17:20:08,84.78,APAC
832,1242,545,2025-06-01 10:38:05,16.86,EU
833,1382,546,2025-06-08 01:27:26,276.69,APAC
834,1421,536,2025-05-28 20:33:04,308.44,EU
835,1912,535,2025-05-25 20:19:54,192.46,US
836,1038,592,2025-06-02 00:49:16,19.64,US
837,1418,581,2025-05-17 11:03:38,339.22,US
838,1622,576,2025-05-25 03:17:00,445.07,APAC
839,1445,511,2025-06-07 09:09:16,39.97,APAC
840,1063,520,2025-06-06 20:15:59,459.3,APAC
841,1790,502,2025-06-10 19:35:53,184.88,US
842,1164,549,2025-05-18 13:46:55,226.59,EU
843,1672,586,2025-05-15 04:56:07,128.16,US
844,1972,597,2025-05-16 10:40:36,181.89,APAC
845,1622,532,2025-05-23 02:39:06,217.42,US
846,1469,536,2025-06-01 05:14:19,399.76,US
847,1283,588,2025-06-12 02:25:31,122.94,US
848,1311,516,2025-06-10 14:22:11,88.11,EU
849,1708,564,2025-06-12 13:08:11,242.17,US
850,1938,517,2025-05-21 21:02:47,353.01,US
851,1599,566,2025-06-06 21:01:54,39.34,US
852,1296,523,2025-05-16 18:36:11,423.54,US
853,1605,568,2025-05-21 14:12:11,251.71,US
854,1062,510,2025-05-22 02:15:35,292.5,EU
855,1805,575,2025-06-02 21:50:19,239.99,EU
856,1214,578,2025-05-24 05:29:48,305.6,US
857,1657,593,2025-05-15 16:09:48,67.12,US
858,1472,519,2025-06-05 17:55:52,231.19,APAC
859,1654,543,2025-05-23 20:25:28,383.18,APAC
860,1375,520,2025-05-30 04:41:09,477.27,APAC
861,1983,513,2025-06-06 04:49:23,298.19,APAC
862,1365,517,2025-06-01 09:16:47,280.81,EU
863,1750,590,2025-06-02 17:12:33,450.42,APAC
864,1343,545,2025-05-17 19:51:48,441.68,EU
865,1279,519,2025-06-13 00:29:58,242.9,APAC
866,1610,568,2025-06-10 09:43:37,390.83,US
867,1243,563,2025-05-30 09:23:30,436.0,APAC
868,1066,555,2025-05-25 07:03:32,362.08,APAC
869,1899,598,2025-06-02 07:40:21,182.32,EU
870,1854,584,2025-05-18 14:03:52,64.41,US
871,1444,595,2025-05-25 11:04:18,283.0,APAC
872,1953,573,2025-06-07 10:05:15,237.3,APAC
873,1364,537,2025-06-09 07:09:39,492.72,EU
874,1253,591,2025-05-31 07:18:40,116.67,US
875,1979,506,2025-05-31 08:27:14,76.8,EU
876,1709,505,2025-05-22 07:39:42,171.89,EU
877,1414,570,2025-05-23 14:36:40,206.37,US
878,1428,545,2025-05-30 08:56:55,92.73,APAC
879,1492,575,2025-05-17 19:52:48,124.23,EU
880,1081,573,2025-06-04 22:24:01,353.81,APAC
881,1852,527,2025-05-20 01:12:38,136.3,EU
882,1160,532,2025-06-08 17:45:18,116.51,US
883,1787,501,2025-05-26 05:37:19,233.55,EU
884,1084,525,2025-05-14 15:37:54,361.87,APAC
885,1886,581,2025-05-15 15:56:18,12.85,APAC
886,1007,574,2025-05-30 23:58:10,302.88,EU
887,1159,518,2025-06-03 09:29:39,419.73,EU
888,1673,509,2025-05-28 16:45:58,414.04,EU
889,1517,554,2025-05-17 06:12:50,406.31,APAC
890,1306,509,2025-06-02 11:21:25,31.18,APAC
891,1811,586,2025-06-03 22:07:02,196.97,APAC
892,1675,547,2025-06-07 08:47:34,448.41,EU
893,1019,598,2025-06-11 10:26:04,127.39,APAC
894,1199,513,2025-05-20 07:28:16,229.17,US
895,1889,537,2025-05-29 03:45:36,258.84,EU
896,1559,585,2025-06-09 14:09:45,378.0,US
897,1686,585,2025-06-06 07:30:40,136.39,US
898,1504,583,2025-05-17 10:08:12,380.56,US
899,1471,517,2025-05-19 04:51:24,297.79,APAC
900,1423,519,2025-06-10 06:06:49,388.93,EU
901,1429,591,2025-06-13 07:15:10,449.97,EU
902,1876,597,2025-06-05 01:18:02,391.5,APAC
903,1166,511,2025-06-11 05:48:39,464.18,US
904,1086,529,2025-05-24 23:15:57,403.85,US
905,1191,533,2025-06-09 05:49:46,89.13,EU
906,1724,584,2025-05-16 08:40:43,411.46,US
907,1606,535,2025-06-12 19:28:04,330.91,APAC
908,1704,590,2025-05-22 02:36:00,76.97,APAC
909,1185,595,2025-05-17 13:31:46,443.29,US
910,1981,538,2025-06-01 20:05:24,128.21,US
911,1275,571,2025-05-23 05:51:03,156.39,APAC
912,1080,599,2025-05-29 06:20:47,87.84,EU
913,1986,546,2025-06-05 22:59:24,428.09,APAC
914,1480,583,2025-06-11 11:57:27,102.07,EU
915,1753,505,2025-06-05 08:23:23,55.76,US
916,1183,589,2025-06-10 04:16:17,275.33,EU
917,1946,531,2025-05-28 00:57:45,40.27,APAC
918,1241,517,2025-05-26 04:00:54,298.71,US
919,1319,558,2025-06-12 19:53:14,53.48,US
920,1848,597,2025-05-14 21:42:04,390.72,EU
921,1639,527,2025-05-24 03:16:18,404.79,APAC
922,1788,538,2025-06-04 22:38:00,257.36,APAC
923,1402,559,2025-05-31 04:48:48,260.28,APAC
924,1982,580,2025-05-18 00:48:50,164.52,US
925,1845,579,2025-06-11 21:22:31,104.62,EU
926,1698,539,2025-05-25 15:54:00,300.27,US
927,1617,546,2025-06-10 07:18:34,333.21,APAC
928,1655,539,2025-05-20 12:14:34,320.69,EU
929,1492,543,2025-05-29 16:14:14,362.68,APAC
930,1458,510,2025-06-05 01:48:31,402.04,EU
931,1757,547,2025-06-02 11:58:01,200.7,EU
932,1014,584,2025-05-21 13:31:22,380.43,APAC
933,1002,586,2025-06-09 18:12:18,258.49,US
934,1031,531,2025-06-08 11:09:10,347.33,APAC
935,1335,547,2025-06-09 07:02:59,246.33,EU
936,1534,537,2025-06-11 18:27:48,45.22,EU
937,1909,594,2025-06-03 12:15:23,364.89,US
938,1805,582,2025-06-03 09:06:23,111.13,APAC
939,1565,585,2025-05-30 19:16:04,243.57,EU
940,1094,529,2025-06-02 00:24:05,196.98,US
941,1815,548,2025-06-10 15:07:55,136.81,US
942,1584,550,2025-06-08 05:18:12,447.82,US
943,1374,528,2025-06-11 14:06:07,241.67,EU
944,1865,507,2025-05-21 05:00:10,383.2,EU
945,1877,514,2025-06-03 17:31:07,492.04,US
946,1076,536,2025-05-15 21:38:08,487.56,EU
947,1142,560,2025-05-27 17:47:07,486.27,US
948,1367,565,2025-06-07 13:57:48,273.65,US
949,1571,547,2025-05-25 05:23:43,368.0,EU
950,1232,593,2025-05-17 01:40:15,385.08,EU
951,1587,512,2025-05-30 17:49:47,286.78,APAC
952,1749,547,2025-06-02 03:51:10,101.74,EU
953,1986,598,2025-06-08 12:46:19,460.39,EU
954,1413,559,2025-05-17 08:35:27,494.97,EU
955,1183,598,2025-05-24 20:33:16,191.31,US
956,1510,540,2025-06-11 11:30:00,182.26,US
957,1411,593,2025-06-04 01:30:33,159.45,EU
958,1032,516,2025-06-02 05:13:27,387.49,EU
959,1070,533,2025-06-02 16:10:48,200.23,APAC
960,1072,528,2025-05-17 18:40:16,435.02,US
961,1409,511,2025-05-31 10:31:02,280.88,EU
962,1902,522,2025-05-18 02:27:33,131.97,EU
963,1484,563,2025-06-04 05:47:34,263.72,US
964,1183,558,2025-06-11 06:42:28,29.09,EU
965,1160,589,2025-05-17 00:56:01,18.28,APAC
966,1570,538,2025-06-01 11:23:18,17.64,APAC
967,1323,597,2025-06-06 19:49:48,406.59,US
968,1283,594,2025-05-27 10:46:05,380.8,US
969,1261,597,2025-06-10 07:43:09,196.91,APAC
970,1087,585,2025-05-24 12:26:52,129.23,EU
971,1516,509,2025-06-08 20:20:29,337.03,APAC
972,1167,563,2025-06-09 09:22:47,332.05,APAC
973,1496,578,2025-06-08 08:06:18,177.91,US
974,1255,542,2025-06-06 05:32:40,462.58,EU
975,1340,584,2025-06-11 19:37:09,181.24,US
976,1345,554,2025-05-22 19:31:22,49.39,US
977,1567,501,2025-06-11 01:14:00,79.26,APAC
978,1439,579,2025-05-28 03:23:02,177.55,APAC
979,1800,588,2025-06-05 09:05:12,52.64,EU
980,1138,519,2025-05-25 21:18:16,314.38,APAC
981,1788,576,2025-05-27 23:36:30,235.63,APAC
982,1649,565,2025-05-17 14:05:37,399.93,EU
983,1691,585,2025-05-28 09:26:28,402.04,APAC
984,1062,521,2025-05-15 01:57:32,434.21,APAC
985,1438,537,2025-05-27 06:25:55,62.78,US
986,1182,588,2025-05-29 12:10:21,152.21,US
987,1165,539,2025-05-15 01:13:10,331.76,US
988,1621,590,2025-06-06 15:40:28,211.05,US
989,1353,535,2025-05-23 05:26:02,267.91,EU
990,1147,546,2025-05-22 05:10:18,460.18,APAC
991,1618,566,2025-05-28 21:33:29,84.81,US
992,1782,523,2025-06-04 02:26:49,60.28,US
993,1387,564,2025-05-29 03:02:34,201.77,EU
994,1237,512,2025-05-27 09:26:44,344.9,APAC
995,1499,576,2025-05-21 04:00:41,62.92,EU
996,1211,538,2025-05-18 00:52:13,81.27,US
997,1206,508,2025-05-28 23:16:21,456.5,APAC
998,1952,506,2025-05-16 15:48:30,325.6,US
999,1544,553,2025-06-06 22:09:06,104.8,US
1000,1463,551,2025-06-06 14:38:57,261.77,APAC
